{"cameraMode":{"drawMode":0,"name":"Shaded","section":"Shading Mode"},"sceneLighting":false,"audioPlay":false,"sceneViewState":{"showFog":false,"showMaterialUpdate":false,"showSkybox":false,"showFlares":false,"showImageEffects":false,"showParticleSystems":false},"in2DMode":false,"pivot":{"x":231.5207977294922,"y":270.26220703125,"z":1045.201904296875},"rotation":{"x":-0.05811455845832825,"y":0.10938813537359238,"z":0.006406512577086687,"w":0.9922781586647034},"size":1228.5865478515625,"orthographic":false}