{"cameraMode":{"drawMode":0,"name":"Shaded","section":"Shading Mode"},"sceneLighting":true,"audioPlay":false,"sceneViewState":{"showFog":true,"showMaterialUpdate":false,"showSkybox":true,"showFlares":true,"showImageEffects":true,"showParticleSystems":true},"in2DMode":false,"pivot":{"x":33.63459014892578,"y":-3.61784291267395,"z":3.122023105621338},"rotation":{"x":-0.004179633688181639,"y":0.06984439492225647,"z":0.0002926123852375895,"w":0.9975491166114807},"size":10.318696022033692,"orthographic":false}