{"cameraMode":{"drawMode":0,"name":"Shaded","section":"Shading Mode"},"sceneLighting":false,"audioPlay":false,"sceneViewState":{"showFog":true,"showMaterialUpdate":true,"showSkybox":true,"showFlares":true,"showImageEffects":true,"showParticleSystems":true},"in2DMode":false,"pivot":{"x":-2.614956855773926,"y":-5.793663024902344,"z":83.74596405029297},"rotation":{"x":0.018587112426757814,"y":-0.010644713416695595,"z":0.006172742694616318,"w":0.9997515678405762},"size":100.96991729736328,"orthographic":false}