{"cameraMode":{"drawMode":0,"name":"Shaded","section":"Shading Mode"},"sceneLighting":false,"audioPlay":false,"sceneViewState":{"showFog":true,"showMaterialUpdate":true,"showSkybox":false,"showFlares":true,"showImageEffects":true,"showParticleSystems":true},"in2DMode":false,"pivot":{"x":-1.9082276821136475,"y":-2.1532187461853029,"z":-0.2727241516113281},"rotation":{"x":0.07264531403779984,"y":0.010647054761648178,"z":0.005213887430727482,"w":0.997287392616272},"size":28.533809661865236,"orthographic":false}