{"cameraMode":{"drawMode":0,"name":"Shaded","section":"Shading Mode"},"sceneLighting":false,"audioPlay":false,"sceneViewState":{"showFog":true,"showMaterialUpdate":true,"showSkybox":false,"showFlares":true,"showImageEffects":true,"showParticleSystems":true},"in2DMode":false,"pivot":{"x":-0.1506023406982422,"y":-3.2340731620788576,"z":-1.308802604675293},"rotation":{"x":0.19704055786132813,"y":0.09195929020643234,"z":-0.012445169501006604,"w":0.9759936928749085},"size":12.50676441192627,"orthographic":false}