{"cameraMode":{"drawMode":0,"name":"Shaded","section":"Shading Mode"},"sceneLighting":true,"audioPlay":false,"sceneViewState":{"showFog":true,"showMaterialUpdate":false,"showSkybox":true,"showFlares":true,"showImageEffects":true,"showParticleSystems":true},"in2DMode":false,"pivot":{"x":-0.617457389831543,"y":-5.809147834777832,"z":5.493376731872559},"rotation":{"x":0.2001616358757019,"y":-0.38242456316947939,"z":0.08524040132761002,"w":0.8980094194412231},"size":18.64218521118164,"orthographic":false}