{"cameraMode":{"drawMode":0,"name":"Shaded","section":"Shading Mode"},"sceneLighting":true,"audioPlay":false,"sceneViewState":{"showFog":true,"showMaterialUpdate":false,"showSkybox":true,"showFlares":true,"showImageEffects":true,"showParticleSystems":true},"in2DMode":false,"pivot":{"x":-0.5260460376739502,"y":-1.722144365310669,"z":1.1288013458251954},"rotation":{"x":0.015306896530091763,"y":0.014399976469576359,"z":-0.0002204845513915643,"w":0.9997791647911072},"size":14.467551231384278,"orthographic":false}