{"cameraMode":{"drawMode":0,"name":"Shaded","section":"Shading Mode"},"sceneLighting":true,"audioPlay":false,"sceneViewState":{"showFog":true,"showMaterialUpdate":false,"showSkybox":true,"showFlares":true,"showImageEffects":true,"showParticleSystems":true},"in2DMode":false,"pivot":{"x":0.9049892425537109,"y":-5.114564895629883,"z":-0.41930198669433596},"rotation":{"x":0.09454173594713211,"y":-0.05134277418255806,"z":0.004882389679551125,"w":0.9941840767860413},"size":11.532657623291016,"orthographic":false}