{"cameraMode":{"drawMode":0,"name":"Shaded","section":"Shading Mode"},"sceneLighting":false,"audioPlay":false,"sceneViewState":{"showFog":true,"showMaterialUpdate":false,"showSkybox":false,"showFlares":true,"showImageEffects":true,"showParticleSystems":true},"in2DMode":false,"pivot":{"x":-0.1907784640789032,"y":-0.06863978505134583,"z":0.031848907470703128},"rotation":{"x":0.08709567040205002,"y":-0.04839365556836128,"z":0.004235976375639439,"w":0.9950148463249207},"size":1.806248664855957,"orthographic":false}