{"cameraMode":{"drawMode":0,"name":"Shaded","section":"Shading Mode"},"sceneLighting":false,"audioPlay":false,"sceneViewState":{"showFog":true,"showMaterialUpdate":true,"showSkybox":false,"showFlares":true,"showImageEffects":true,"showParticleSystems":true},"in2DMode":false,"pivot":{"x":23.19999885559082,"y":8.80000114440918,"z":0.0},"rotation":{"x":0.0660874992609024,"y":-0.16962353885173798,"z":0.017477981746196748,"w":0.9831352233886719},"size":100.70573425292969,"orthographic":false}