{"cameraMode":{"drawMode":0,"name":"Shaded","section":"Shading Mode"},"sceneLighting":false,"audioPlay":false,"sceneViewState":{"showFog":true,"showMaterialUpdate":true,"showSkybox":false,"showFlares":true,"showImageEffects":true,"showParticleSystems":true},"in2DMode":false,"pivot":{"x":23.521055221557618,"y":-4.37640380859375,"z":-0.6184673309326172},"rotation":{"x":0.07264531403779984,"y":0.010647054761648178,"z":0.005213887430727482,"w":0.997287392616272},"size":17.517683029174806,"orthographic":false}