{"cameraMode":{"drawMode":0,"name":"Shaded","section":"Shading Mode"},"sceneLighting":false,"audioPlay":false,"sceneViewState":{"showFog":true,"showMaterialUpdate":false,"showSkybox":false,"showFlares":true,"showImageEffects":true,"showParticleSystems":true},"in2DMode":false,"pivot":{"x":1.2300000190734864,"y":-3.8299999237060549,"z":0.0},"rotation":{"x":0.09454173594713211,"y":-0.05134277418255806,"z":0.004882389679551125,"w":0.9941840767860413},"size":1.4289418458938599,"orthographic":false}