{"cameraMode":{"drawMode":0,"name":"Shaded","section":"Shading Mode"},"sceneLighting":true,"audioPlay":false,"sceneViewState":{"showFog":true,"showMaterialUpdate":false,"showSkybox":true,"showFlares":true,"showImageEffects":true,"showParticleSystems":true},"in2DMode":false,"pivot":{"x":12.274847984313965,"y":-4.65313720703125,"z":1.1517643928527833},"rotation":{"x":0.20452916622161866,"y":0.2261197566986084,"z":-0.04862372204661369,"w":0.951143205165863},"size":4.0416579246521,"orthographic":false}