{"cameraMode":{"drawMode":0,"name":"Shaded","section":"Shading Mode"},"sceneLighting":true,"audioPlay":false,"sceneViewState":{"showFog":true,"showMaterialUpdate":false,"showSkybox":true,"showFlares":true,"showImageEffects":true,"showParticleSystems":true},"in2DMode":false,"pivot":{"x":-10.482865333557129,"y":-1.9567351341247559,"z":0.516077995300293},"rotation":{"x":0.14447996020317079,"y":0.10458251088857651,"z":-0.015358180738985539,"w":0.9838456511497498},"size":9.162834167480469,"orthographic":false}