{"cameraMode":{"drawMode":0,"name":"Shaded","section":"Shading Mode"},"sceneLighting":true,"audioPlay":false,"sceneViewState":{"showFog":true,"showMaterialUpdate":false,"showSkybox":true,"showFlares":true,"showImageEffects":true,"showParticleSystems":true},"in2DMode":false,"pivot":{"x":-8.267400741577149,"y":-3.81502628326416,"z":0.272718220949173},"rotation":{"x":0.057126618921756747,"y":0.07271787524223328,"z":-0.004172068554908037,"w":0.9957064390182495},"size":7.923684120178223,"orthographic":false}